tenure_group,monthly_loss,loss_percentage
0-6 Months,49896.09999999998,10.95
1-2 Years,23081.65,5.07
2-4 Years,27462.50000000001,6.03
4+ Years,19632.45,4.31
7-12 Months,19058.149999999998,4.18
