Metric,Value
Original Churn %,22.4591329068941
Post Retention Churn %,16.27576403695807
Accuracy,0.7860696517412935
ROC AUC,0.8217939028114986
